First Name,Last Name,Email,SSO,Account Role
Lela4,Lela4,Lela4@saama.com,On,Basic
Kameron.Volkman88,Kameron.Volkman88,Kameron.Volkman88@saama.com,On,Basic
Jonas_Torphy90,Jonas_Torphy90,Jonas_Torphy90@saama.com,On,Basic
Jaida.Hartmann87,Jaida.Hartmann87,Jaida.Hartmann87@saama.com,On,Basic
Chasity15,Chasity15,Chasity15@saama.com,On,Basic
Dock_Considine,Dock_Considine,Dock_Considine@saama.com,On,Basic
Trystan.Klocko,Trystan.Klocko,Trystan.Klocko@saama.com,On,Basic
Clara_Hilll,Clara_Hilll,Clara_Hilll@saama.com,On,Basic
Sandra_Cremin,Sandra_Cremin,Sandra_Cremin@saama.com,On,Basic
Raphael_MacGyver35,Raphael_MacGyver35,Raphael_MacGyver35@saama.com,On,Basic
Nellie_Grant,Nellie_Grant,Nellie_Grant@saama.com,On,Basic
Katelyn.Mohr26,Katelyn.Mohr26,Katelyn.Mohr26@saama.com,On,Basic
Rafael66,Rafael66,Rafael66@saama.com,On,Basic
Weldon61,Weldon61,Weldon61@saama.com,On,Basic
Hans88,Hans88,Hans88@saama.com,On,Basic
Osvaldo.Lind,Osvaldo.Lind,Osvaldo.Lind@saama.com,On,Basic
Davon_Hickle72,Davon_Hickle72,Davon_Hickle72@saama.com,On,Basic
Price_Heidenreich23,Price_Heidenreich23,Price_Heidenreich23@saama.com,On,Basic
Alexandra_Russel,Alexandra_Russel,Alexandra_Russel@saama.com,On,Basic
Quincy_Zboncak,Quincy_Zboncak,Quincy_Zboncak@saama.com,On,Basic
Maxwell12,Maxwell12,Maxwell12@saama.com,On,Basic
Beaulah95,Beaulah95,Beaulah95@saama.com,On,Basic
Queen24,Queen24,Queen24@saama.com,On,Basic
Hosea.Goodwin74,Hosea.Goodwin74,Hosea.Goodwin74@saama.com,On,Basic
Nicholas_Schroeder,Nicholas_Schroeder,Nicholas_Schroeder@saama.com,On,Basic
Erna.Ullrich,Erna.Ullrich,Erna.Ullrich@saama.com,On,Basic
Jewel79,Jewel79,Jewel79@saama.com,On,Basic
Leonard.Kilback,Leonard.Kilback,Leonard.Kilback@saama.com,On,Basic
Carlos.Crooks-Hamill,Carlos.Crooks-Hamill,Carlos.Crooks-Hamill@saama.com,On,Basic
Dedric_Gleichner,Dedric_Gleichner,Dedric_Gleichner@saama.com,On,Basic
Cecilia.Schneider35,Cecilia.Schneider35,Cecilia.Schneider35@saama.com,On,Basic
Margaretta.Mayer,Margaretta.Mayer,Margaretta.Mayer@saama.com,On,Basic
Renee_Bayer42,Renee_Bayer42,Renee_Bayer42@saama.com,On,Basic
Dortha68,Dortha68,Dortha68@saama.com,On,Basic
Shanny_Hilpert,Shanny_Hilpert,Shanny_Hilpert@saama.com,On,Basic
Jess_Cartwright,Jess_Cartwright,Jess_Cartwright@saama.com,On,Basic
Colten51,Colten51,Colten51@saama.com,On,Basic
Mireille.Marquardt2,Mireille.Marquardt2,Mireille.Marquardt2@saama.com,On,Basic
Riley.Jaskolski78,Riley.Jaskolski78,Riley.Jaskolski78@saama.com,On,Basic
Ford.Swaniawski97,Ford.Swaniawski97,Ford.Swaniawski97@saama.com,On,Basic
Brayan_Stokes,Brayan_Stokes,Brayan_Stokes@saama.com,On,Basic
Hettie_Mitchell46,Hettie_Mitchell46,Hettie_Mitchell46@saama.com,On,Basic
Dorthy.Abshire,Dorthy.Abshire,Dorthy.Abshire@saama.com,On,Basic
Zora.Hand,Zora.Hand,Zora.Hand@saama.com,On,Basic
Bradly21,Bradly21,Bradly21@saama.com,On,Basic
Alysa.Leffler71,Alysa.Leffler71,Alysa.Leffler71@saama.com,On,Basic
Clementina.Shanahan,Clementina.Shanahan,Clementina.Shanahan@saama.com,On,Basic
Rosendo94,Rosendo94,Rosendo94@saama.com,On,Basic
Maybell_Ebert,Maybell_Ebert,Maybell_Ebert@saama.com,On,Basic
Daphney68,Daphney68,Daphney68@saama.com,On,Basic
Ted_Dietrich46,Ted_Dietrich46,Ted_Dietrich46@saama.com,On,Basic
Bonita_Reichert,Bonita_Reichert,Bonita_Reichert@saama.com,On,Basic
Linwood_Gulgowski,Linwood_Gulgowski,Linwood_Gulgowski@saama.com,On,Basic
Vinnie.Brekke,Vinnie.Brekke,Vinnie.Brekke@saama.com,On,Basic
Ramon_Wilderman63,Ramon_Wilderman63,Ramon_Wilderman63@saama.com,On,Basic
Deontae_Rowe0,Deontae_Rowe0,Deontae_Rowe0@saama.com,On,Basic
Harley_Pagac10,Harley_Pagac10,Harley_Pagac10@saama.com,On,Basic
Delphia_Legros95,Delphia_Legros95,Delphia_Legros95@saama.com,On,Basic
Mohammad.Russel27,Mohammad.Russel27,Mohammad.Russel27@saama.com,On,Basic
Emmet43,Emmet43,Emmet43@saama.com,On,Basic
Hobart_Hudson-Littel,Hobart_Hudson-Littel,Hobart_Hudson-Littel@saama.com,On,Basic
Dora.Rutherford51,Dora.Rutherford51,Dora.Rutherford51@saama.com,On,Basic
Parker_Nicolas79,Parker_Nicolas79,Parker_Nicolas79@saama.com,On,Basic
Eldridge52,Eldridge52,Eldridge52@saama.com,On,Basic
Kariane49,Kariane49,Kariane49@saama.com,On,Basic
Mayra28,Mayra28,Mayra28@saama.com,On,Basic
Trinity_OReilly,Trinity_OReilly,Trinity_OReilly@saama.com,On,Basic
Matilde.Prohaska,Matilde.Prohaska,Matilde.Prohaska@saama.com,On,Basic
Jovan6,Jovan6,Jovan6@saama.com,On,Basic
Hunter3,Hunter3,Hunter3@saama.com,On,Basic
Mariano_Huel,Mariano_Huel,Mariano_Huel@saama.com,On,Basic
Nicolas_Hackett88,Nicolas_Hackett88,Nicolas_Hackett88@saama.com,On,Basic
Raquel63,Raquel63,Raquel63@saama.com,On,Basic
Karen19,Karen19,Karen19@saama.com,On,Basic
Cecile10,Cecile10,Cecile10@saama.com,On,Basic
Brennan_Mohr40,Brennan_Mohr40,Brennan_Mohr40@saama.com,On,Basic
Mathew_Gislason11,Mathew_Gislason11,Mathew_Gislason11@saama.com,On,Basic
Alessandro.Bode,Alessandro.Bode,Alessandro.Bode@saama.com,On,Basic
Waylon.Altenwerth58,Waylon.Altenwerth58,Waylon.Altenwerth58@saama.com,On,Basic
Dayton.Schmeler29,Dayton.Schmeler29,Dayton.Schmeler29@saama.com,On,Basic
Maggie.Okuneva,Maggie.Okuneva,Maggie.Okuneva@saama.com,On,Basic
Kristofer_Conroy8,Kristofer_Conroy8,Kristofer_Conroy8@saama.com,On,Basic
Jolie64,Jolie64,Jolie64@saama.com,On,Basic
Loyce.Langworth43,Loyce.Langworth43,Loyce.Langworth43@saama.com,On,Basic
Major.Murray26,Major.Murray26,Major.Murray26@saama.com,On,Basic
Dorcas.King29,Dorcas.King29,Dorcas.King29@saama.com,On,Basic
Garth_Crona34,Garth_Crona34,Garth_Crona34@saama.com,On,Basic
Shayna46,Shayna46,Shayna46@saama.com,On,Basic
Leatha.Donnelly29,Leatha.Donnelly29,Leatha.Donnelly29@saama.com,On,Basic
Richard.Crooks,Richard.Crooks,Richard.Crooks@saama.com,On,Basic
Sonya95,Sonya95,Sonya95@saama.com,On,Basic
Kaci42,Kaci42,Kaci42@saama.com,On,Basic
Arianna_Greenfelder91,Arianna_Greenfelder91,Arianna_Greenfelder91@saama.com,On,Basic
Hipolito_Keebler12,Hipolito_Keebler12,Hipolito_Keebler12@saama.com,On,Basic
Ena.Labadie,Ena.Labadie,Ena.Labadie@saama.com,On,Basic
Kaycee_Daniel,Kaycee_Daniel,Kaycee_Daniel@saama.com,On,Basic
Joanny.Yundt,Joanny.Yundt,Joanny.Yundt@saama.com,On,Basic
Darius_Auer,Darius_Auer,Darius_Auer@saama.com,On,Basic
Allen70,Allen70,Allen70@saama.com,On,Basic
Karley.Ledner,Karley.Ledner,Karley.Ledner@saama.com,On,Basic
Adaline9,Adaline9,Adaline9@saama.com,On,Basic
Raoul.Lindgren,Raoul.Lindgren,Raoul.Lindgren@saama.com,On,Basic
Kris.Gibson72,Kris.Gibson72,Kris.Gibson72@saama.com,On,Basic
Rosalia70,Rosalia70,Rosalia70@saama.com,On,Basic
Leda.Hermann90,Leda.Hermann90,Leda.Hermann90@saama.com,On,Basic
Amie.Tillman-Okuneva46,Amie.Tillman-Okuneva46,Amie.Tillman-Okuneva46@saama.com,On,Basic
Georgiana_Schuppe,Georgiana_Schuppe,Georgiana_Schuppe@saama.com,On,Basic
Aaliyah.Lowe,Aaliyah.Lowe,Aaliyah.Lowe@saama.com,On,Basic
Destin_Effertz,Destin_Effertz,Destin_Effertz@saama.com,On,Basic
Kari_Steuber26,Kari_Steuber26,Kari_Steuber26@saama.com,On,Basic
Dangelo26,Dangelo26,Dangelo26@saama.com,On,Basic
Opal.Klocko,Opal.Klocko,Opal.Klocko@saama.com,On,Basic
Janet.Walker82,Janet.Walker82,Janet.Walker82@saama.com,On,Basic
Carolanne_Anderson49,Carolanne_Anderson49,Carolanne_Anderson49@saama.com,On,Basic
Sarai70,Sarai70,Sarai70@saama.com,On,Basic
Henri90,Henri90,Henri90@saama.com,On,Basic
Phoebe_Ferry,Phoebe_Ferry,Phoebe_Ferry@saama.com,On,Basic
Marguerite_Gutmann,Marguerite_Gutmann,Marguerite_Gutmann@saama.com,On,Basic
Aileen_Wintheiser54,Aileen_Wintheiser54,Aileen_Wintheiser54@saama.com,On,Basic
Simeon_Lindgren19,Simeon_Lindgren19,Simeon_Lindgren19@saama.com,On,Basic
Frederique56,Frederique56,Frederique56@saama.com,On,Basic
Shanon98,Shanon98,Shanon98@saama.com,On,Basic
Shanny.Weissnat,Shanny.Weissnat,Shanny.Weissnat@saama.com,On,Basic
Jerald57,Jerald57,Jerald57@saama.com,On,Basic
Candido83,Candido83,Candido83@saama.com,On,Basic
Sienna50,Sienna50,Sienna50@saama.com,On,Basic
Rhett_Greenholt69,Rhett_Greenholt69,Rhett_Greenholt69@saama.com,On,Basic
Ryleigh_Waelchi-Moen71,Ryleigh_Waelchi-Moen71,Ryleigh_Waelchi-Moen71@saama.com,On,Basic
Koby80,Koby80,Koby80@saama.com,On,Basic
Ocie.Kovacek,Ocie.Kovacek,Ocie.Kovacek@saama.com,On,Basic
Margaretta.Hirthe65,Margaretta.Hirthe65,Margaretta.Hirthe65@saama.com,On,Basic
Alfred95,Alfred95,Alfred95@saama.com,On,Basic
Franco39,Franco39,Franco39@saama.com,On,Basic
Melissa77,Melissa77,Melissa77@saama.com,On,Basic
Sid39,Sid39,Sid39@saama.com,On,Basic
Santiago_Kulas82,Santiago_Kulas82,Santiago_Kulas82@saama.com,On,Basic
Claudia89,Claudia89,Claudia89@saama.com,On,Basic
Leland.Jaskolski83,Leland.Jaskolski83,Leland.Jaskolski83@saama.com,On,Basic
Emmanuel_DuBuque,Emmanuel_DuBuque,Emmanuel_DuBuque@saama.com,On,Basic
Heber42,Heber42,Heber42@saama.com,On,Basic
Rey.White,Rey.White,Rey.White@saama.com,On,Basic
Rasheed75,Rasheed75,Rasheed75@saama.com,On,Basic
Rosie_Robel52,Rosie_Robel52,Rosie_Robel52@saama.com,On,Basic
Mattie_Cremin75,Mattie_Cremin75,Mattie_Cremin75@saama.com,On,Basic
Bradly.Cronin,Bradly.Cronin,Bradly.Cronin@saama.com,On,Basic
Trent.Conroy91,Trent.Conroy91,Trent.Conroy91@saama.com,On,Basic
Zelda93,Zelda93,Zelda93@saama.com,On,Basic
Creola_Rutherford,Creola_Rutherford,Creola_Rutherford@saama.com,On,Basic
Dino13,Dino13,Dino13@saama.com,On,Basic
Ardith.MacGyver7,Ardith.MacGyver7,Ardith.MacGyver7@saama.com,On,Basic
Devan_Heidenreich21,Devan_Heidenreich21,Devan_Heidenreich21@saama.com,On,Basic
Carleton_Koch,Carleton_Koch,Carleton_Koch@saama.com,On,Basic
Nelson_Collins80,Nelson_Collins80,Nelson_Collins80@saama.com,On,Basic
Jabari43,Jabari43,Jabari43@saama.com,On,Basic
Maybell.Wisoky53,Maybell.Wisoky53,Maybell.Wisoky53@saama.com,On,Basic
Faye.Wunsch65,Faye.Wunsch65,Faye.Wunsch65@saama.com,On,Basic
Randi.Streich,Randi.Streich,Randi.Streich@saama.com,On,Basic
Nannie_Jerde,Nannie_Jerde,Nannie_Jerde@saama.com,On,Basic
Jackie_Reynolds,Jackie_Reynolds,Jackie_Reynolds@saama.com,On,Basic
Trenton_Schuster,Trenton_Schuster,Trenton_Schuster@saama.com,On,Basic
Isadore_Miller7,Isadore_Miller7,Isadore_Miller7@saama.com,On,Basic
Angeline_Hills,Angeline_Hills,Angeline_Hills@saama.com,On,Basic
Alayna.DAmore58,Alayna.DAmore58,Alayna.DAmore58@saama.com,On,Basic
Sylvia_Krajcik78,Sylvia_Krajcik78,Sylvia_Krajcik78@saama.com,On,Basic
Queen.Koepp18,Queen.Koepp18,Queen.Koepp18@saama.com,On,Basic
Alexanne.Smitham,Alexanne.Smitham,Alexanne.Smitham@saama.com,On,Basic
Charlie90,Charlie90,Charlie90@saama.com,On,Basic
Ardith_Tremblay6,Ardith_Tremblay6,Ardith_Tremblay6@saama.com,On,Basic
Mossie.Harber52,Mossie.Harber52,Mossie.Harber52@saama.com,On,Basic
Damon.Stark96,Damon.Stark96,Damon.Stark96@saama.com,On,Basic
Lessie.Jakubowski48,Lessie.Jakubowski48,Lessie.Jakubowski48@saama.com,On,Basic
Lambert27,Lambert27,Lambert27@saama.com,On,Basic
Shad54,Shad54,Shad54@saama.com,On,Basic
Johnpaul5,Johnpaul5,Johnpaul5@saama.com,On,Basic
Gerard94,Gerard94,Gerard94@saama.com,On,Basic
Eugenia_Roob29,Eugenia_Roob29,Eugenia_Roob29@saama.com,On,Basic
Graciela9,Graciela9,Graciela9@saama.com,On,Basic
Nash_Schaden,Nash_Schaden,Nash_Schaden@saama.com,On,Basic
Juston_Bode26,Juston_Bode26,Juston_Bode26@saama.com,On,Basic
Angie.Ziemann-Beier91,Angie.Ziemann-Beier91,Angie.Ziemann-Beier91@saama.com,On,Basic
Eldon_Ryan,Eldon_Ryan,Eldon_Ryan@saama.com,On,Basic
Prudence_Sawayn,Prudence_Sawayn,Prudence_Sawayn@saama.com,On,Basic
Krista_Prosacco38,Krista_Prosacco38,Krista_Prosacco38@saama.com,On,Basic
Freda.Carter,Freda.Carter,Freda.Carter@saama.com,On,Basic
Haskell.Heathcote35,Haskell.Heathcote35,Haskell.Heathcote35@saama.com,On,Basic
Kiara15,Kiara15,Kiara15@saama.com,On,Basic
Kayleigh.Morar,Kayleigh.Morar,Kayleigh.Morar@saama.com,On,Basic
Barbara_Hamill,Barbara_Hamill,Barbara_Hamill@saama.com,On,Basic
Zachary.Zemlak9,Zachary.Zemlak9,Zachary.Zemlak9@saama.com,On,Basic
Vivianne81,Vivianne81,Vivianne81@saama.com,On,Basic
Lowell.Nienow71,Lowell.Nienow71,Lowell.Nienow71@saama.com,On,Basic
Cortney.Kutch,Cortney.Kutch,Cortney.Kutch@saama.com,On,Basic
Jed_Stroman26,Jed_Stroman26,Jed_Stroman26@saama.com,On,Basic
Rowan15,Rowan15,Rowan15@saama.com,On,Basic
Einar_Goldner11,Einar_Goldner11,Einar_Goldner11@saama.com,On,Basic
Una.Medhurst41,Una.Medhurst41,Una.Medhurst41@saama.com,On,Basic
Jackeline_Feil,Jackeline_Feil,Jackeline_Feil@saama.com,On,Basic
Adalberto30,Adalberto30,Adalberto30@saama.com,On,Basic
Waylon.Harvey,Waylon.Harvey,Waylon.Harvey@saama.com,On,Basic
Francisca.Frami9,Francisca.Frami9,Francisca.Frami9@saama.com,On,Basic
Edison61,Edison61,Edison61@saama.com,On,Basic
Jackeline.Dickens5,Jackeline.Dickens5,Jackeline.Dickens5@saama.com,On,Basic
Ned_Koch19,Ned_Koch19,Ned_Koch19@saama.com,On,Basic
Mackenzie29,Mackenzie29,Mackenzie29@saama.com,On,Basic
Juwan.Emard,Juwan.Emard,Juwan.Emard@saama.com,On,Basic
Kariane19,Kariane19,Kariane19@saama.com,On,Basic
Allen9,Allen9,Allen9@saama.com,On,Basic
Geovanni_Spencer95,Geovanni_Spencer95,Geovanni_Spencer95@saama.com,On,Basic
Olin.Haley61,Olin.Haley61,Olin.Haley61@saama.com,On,Basic
Kayla_King,Kayla_King,Kayla_King@saama.com,On,Basic
Emma_Johnston94,Emma_Johnston94,Emma_Johnston94@saama.com,On,Basic
Ephraim.Jacobi-King,Ephraim.Jacobi-King,Ephraim.Jacobi-King@saama.com,On,Basic
Wilfrid5,Wilfrid5,Wilfrid5@saama.com,On,Basic
Curtis_Hackett88,Curtis_Hackett88,Curtis_Hackett88@saama.com,On,Basic
Kade64,Kade64,Kade64@saama.com,On,Basic
Stone24,Stone24,Stone24@saama.com,On,Basic
Hal.Rippin11,Hal.Rippin11,Hal.Rippin11@saama.com,On,Basic
Robyn_Klocko52,Robyn_Klocko52,Robyn_Klocko52@saama.com,On,Basic
Kara.Tremblay,Kara.Tremblay,Kara.Tremblay@saama.com,On,Basic
Tatum46,Tatum46,Tatum46@saama.com,On,Basic
Tomasa_Turcotte,Tomasa_Turcotte,Tomasa_Turcotte@saama.com,On,Basic
Dock58,Dock58,Dock58@saama.com,On,Basic
Austin54,Austin54,Austin54@saama.com,On,Basic
Wanda77,Wanda77,Wanda77@saama.com,On,Basic
Joesph41,Joesph41,Joesph41@saama.com,On,Basic
Kirsten_Heller36,Kirsten_Heller36,Kirsten_Heller36@saama.com,On,Basic
Christian59,Christian59,Christian59@saama.com,On,Basic
Myron_Bailey,Myron_Bailey,Myron_Bailey@saama.com,On,Basic
Jeremie_Stark17,Jeremie_Stark17,Jeremie_Stark17@saama.com,On,Basic
Eriberto_Cole25,Eriberto_Cole25,Eriberto_Cole25@saama.com,On,Basic
Murphy29,Murphy29,Murphy29@saama.com,On,Basic
Aurelie73,Aurelie73,Aurelie73@saama.com,On,Basic
Linnie.Daniel,Linnie.Daniel,Linnie.Daniel@saama.com,On,Basic
Princess.Lesch,Princess.Lesch,Princess.Lesch@saama.com,On,Basic
Shyann_Ledner,Shyann_Ledner,Shyann_Ledner@saama.com,On,Basic
Beaulah.Kulas,Beaulah.Kulas,Beaulah.Kulas@saama.com,On,Basic
Liam87,Liam87,Liam87@saama.com,On,Basic
Aurelia_Koelpin18,Aurelia_Koelpin18,Aurelia_Koelpin18@saama.com,On,Basic
Citlalli_Reinger7,Citlalli_Reinger7,Citlalli_Reinger7@saama.com,On,Basic
Irwin.Marquardt92,Irwin.Marquardt92,Irwin.Marquardt92@saama.com,On,Basic
Stephon.Carroll53,Stephon.Carroll53,Stephon.Carroll53@saama.com,On,Basic
Sarah.Emard,Sarah.Emard,Sarah.Emard@saama.com,On,Basic
Mathias69,Mathias69,Mathias69@saama.com,On,Basic
Brannon30,Brannon30,Brannon30@saama.com,On,Basic
Caden.Pacocha,Caden.Pacocha,Caden.Pacocha@saama.com,On,Basic
Madisyn.Grimes,Madisyn.Grimes,Madisyn.Grimes@saama.com,On,Basic
Mara43,Mara43,Mara43@saama.com,On,Basic
Estrella_Bailey,Estrella_Bailey,Estrella_Bailey@saama.com,On,Basic
Cade_Leffler,Cade_Leffler,Cade_Leffler@saama.com,On,Basic
Kay10,Kay10,Kay10@saama.com,On,Basic
Earnest_Beier,Earnest_Beier,Earnest_Beier@saama.com,On,Basic
Anissa.Hilpert75,Anissa.Hilpert75,Anissa.Hilpert75@saama.com,On,Basic
Bernice21,Bernice21,Bernice21@saama.com,On,Basic
Lia80,Lia80,Lia80@saama.com,On,Basic
Claud_Becker29,Claud_Becker29,Claud_Becker29@saama.com,On,Basic
Patsy_Kutch63,Patsy_Kutch63,Patsy_Kutch63@saama.com,On,Basic
Antonina.Von,Antonina.Von,Antonina.Von@saama.com,On,Basic
Carolanne.Erdman8,Carolanne.Erdman8,Carolanne.Erdman8@saama.com,On,Basic
Keshawn43,Keshawn43,Keshawn43@saama.com,On,Basic
Kiel.Stokes-Will0,Kiel.Stokes-Will0,Kiel.Stokes-Will0@saama.com,On,Basic
Gladyce.Windler87,Gladyce.Windler87,Gladyce.Windler87@saama.com,On,Basic
Josianne_Lockman,Josianne_Lockman,Josianne_Lockman@saama.com,On,Basic
Odell94,Odell94,Odell94@saama.com,On,Basic
Adonis3,Adonis3,Adonis3@saama.com,On,Basic
Elisabeth_Bayer,Elisabeth_Bayer,Elisabeth_Bayer@saama.com,On,Basic
Winston51,Winston51,Winston51@saama.com,On,Basic
Jennings49,Jennings49,Jennings49@saama.com,On,Basic
Alana.Veum38,Alana.Veum38,Alana.Veum38@saama.com,On,Basic
Michaela.Jacobs9,Michaela.Jacobs9,Michaela.Jacobs9@saama.com,On,Basic
Remington.Kihn,Remington.Kihn,Remington.Kihn@saama.com,On,Basic
Preston_Howell,Preston_Howell,Preston_Howell@saama.com,On,Basic
Milan20,Milan20,Milan20@saama.com,On,Basic
Jennyfer11,Jennyfer11,Jennyfer11@saama.com,On,Basic
Eldora39,Eldora39,Eldora39@saama.com,On,Basic
Frances.Zulauf85,Frances.Zulauf85,Frances.Zulauf85@saama.com,On,Basic
Tamia49,Tamia49,Tamia49@saama.com,On,Basic
Lonzo84,Lonzo84,Lonzo84@saama.com,On,Basic
Dante_Hessel12,Dante_Hessel12,Dante_Hessel12@saama.com,On,Basic
Gunner45,Gunner45,Gunner45@saama.com,On,Basic
Camren.Feil,Camren.Feil,Camren.Feil@saama.com,On,Basic
Domenica44,Domenica44,Domenica44@saama.com,On,Basic
Elliott69,Elliott69,Elliott69@saama.com,On,Basic
Bill.Bartell65,Bill.Bartell65,Bill.Bartell65@saama.com,On,Basic
Freeman.Streich15,Freeman.Streich15,Freeman.Streich15@saama.com,On,Basic
Major6,Major6,Major6@saama.com,On,Basic
Kristofer.Bergstrom76,Kristofer.Bergstrom76,Kristofer.Bergstrom76@saama.com,On,Basic
Breanna31,Breanna31,Breanna31@saama.com,On,Basic
Carolanne.Mosciski,Carolanne.Mosciski,Carolanne.Mosciski@saama.com,On,Basic
Olin_Keeling,Olin_Keeling,Olin_Keeling@saama.com,On,Basic
Dawson_Aufderhar,Dawson_Aufderhar,Dawson_Aufderhar@saama.com,On,Basic
Wilhelm96,Wilhelm96,Wilhelm96@saama.com,On,Basic
Russell.Herman-Yost59,Russell.Herman-Yost59,Russell.Herman-Yost59@saama.com,On,Basic
Yadira_Cormier34,Yadira_Cormier34,Yadira_Cormier34@saama.com,On,Basic
Meda62,Meda62,Meda62@saama.com,On,Basic
Sonny_Ledner44,Sonny_Ledner44,Sonny_Ledner44@saama.com,On,Basic
Romaine52,Romaine52,Romaine52@saama.com,On,Basic
Lourdes_Nikolaus,Lourdes_Nikolaus,Lourdes_Nikolaus@saama.com,On,Basic
Eudora69,Eudora69,Eudora69@saama.com,On,Basic
Landen.Witting19,Landen.Witting19,Landen.Witting19@saama.com,On,Basic
Kolby63,Kolby63,Kolby63@saama.com,On,Basic
Adonis_Witting,Adonis_Witting,Adonis_Witting@saama.com,On,Basic
Dorcas22,Dorcas22,Dorcas22@saama.com,On,Basic
Alena_Bailey66,Alena_Bailey66,Alena_Bailey66@saama.com,On,Basic
Tracey_Schultz69,Tracey_Schultz69,Tracey_Schultz69@saama.com,On,Basic
Randall_Hudson,Randall_Hudson,Randall_Hudson@saama.com,On,Basic
Milan_Windler,Milan_Windler,Milan_Windler@saama.com,On,Basic
Maryse.Leffler18,Maryse.Leffler18,Maryse.Leffler18@saama.com,On,Basic
Rasheed_Schumm77,Rasheed_Schumm77,Rasheed_Schumm77@saama.com,On,Basic
Jeanne11,Jeanne11,Jeanne11@saama.com,On,Basic
Eliseo_Heller81,Eliseo_Heller81,Eliseo_Heller81@saama.com,On,Basic
Devon68,Devon68,Devon68@saama.com,On,Basic
Anthony_Thiel58,Anthony_Thiel58,Anthony_Thiel58@saama.com,On,Basic
Pearlie.Strosin84,Pearlie.Strosin84,Pearlie.Strosin84@saama.com,On,Basic
Emiliano_Kemmer6,Emiliano_Kemmer6,Emiliano_Kemmer6@saama.com,On,Basic
Oren_Hamill,Oren_Hamill,Oren_Hamill@saama.com,On,Basic
Jayne70,Jayne70,Jayne70@saama.com,On,Basic
Darrel.OReilly82,Darrel.OReilly82,Darrel.OReilly82@saama.com,On,Basic
Marta.Gutmann80,Marta.Gutmann80,Marta.Gutmann80@saama.com,On,Basic
Abraham_McKenzie48,Abraham_McKenzie48,Abraham_McKenzie48@saama.com,On,Basic
Brandon_Metz52,Brandon_Metz52,Brandon_Metz52@saama.com,On,Basic
Keagan42,Keagan42,Keagan42@saama.com,On,Basic
Allison64,Allison64,Allison64@saama.com,On,Basic
Favian.Heller22,Favian.Heller22,Favian.Heller22@saama.com,On,Basic
Monte79,Monte79,Monte79@saama.com,On,Basic
Leonor24,Leonor24,Leonor24@saama.com,On,Basic
Jedediah16,Jedediah16,Jedediah16@saama.com,On,Basic
Velva.Rohan53,Velva.Rohan53,Velva.Rohan53@saama.com,On,Basic
Tracy_Bechtelar98,Tracy_Bechtelar98,Tracy_Bechtelar98@saama.com,On,Basic
Albert_Reinger15,Albert_Reinger15,Albert_Reinger15@saama.com,On,Basic
Keeley_Prohaska,Keeley_Prohaska,Keeley_Prohaska@saama.com,On,Basic
Melisa5,Melisa5,Melisa5@saama.com,On,Basic
Camden28,Camden28,Camden28@saama.com,On,Basic
Deonte_Wiegand37,Deonte_Wiegand37,Deonte_Wiegand37@saama.com,On,Basic
Alvera.Collier,Alvera.Collier,Alvera.Collier@saama.com,On,Basic
Kendall.Okuneva,Kendall.Okuneva,Kendall.Okuneva@saama.com,On,Basic
Loren_Schmeler-Ward,Loren_Schmeler-Ward,Loren_Schmeler-Ward@saama.com,On,Basic
Rhoda.Klocko,Rhoda.Klocko,Rhoda.Klocko@saama.com,On,Basic
Caterina.Ullrich-King,Caterina.Ullrich-King,Caterina.Ullrich-King@saama.com,On,Basic
Twila_Sipes21,Twila_Sipes21,Twila_Sipes21@saama.com,On,Basic
Domenic.Russel,Domenic.Russel,Domenic.Russel@saama.com,On,Basic
Janelle.Kautzer19,Janelle.Kautzer19,Janelle.Kautzer19@saama.com,On,Basic
Osvaldo53,Osvaldo53,Osvaldo53@saama.com,On,Basic
Mozell47,Mozell47,Mozell47@saama.com,On,Basic
Dana_Wehner53,Dana_Wehner53,Dana_Wehner53@saama.com,On,Basic
Randal.Stroman26,Randal.Stroman26,Randal.Stroman26@saama.com,On,Basic
Horace_Bosco76,Horace_Bosco76,Horace_Bosco76@saama.com,On,Basic
Noel.Ernser,Noel.Ernser,Noel.Ernser@saama.com,On,Basic
Waylon.Kirlin,Waylon.Kirlin,Waylon.Kirlin@saama.com,On,Basic
Cesar_Herzog38,Cesar_Herzog38,Cesar_Herzog38@saama.com,On,Basic
Hollie_DuBuque,Hollie_DuBuque,Hollie_DuBuque@saama.com,On,Basic
Newell.Crist,Newell.Crist,Newell.Crist@saama.com,On,Basic
Vance_Hagenes,Vance_Hagenes,Vance_Hagenes@saama.com,On,Basic
Greg0,Greg0,Greg0@saama.com,On,Basic
Chelsea_Cartwright,Chelsea_Cartwright,Chelsea_Cartwright@saama.com,On,Basic
Bessie_Daniel,Bessie_Daniel,Bessie_Daniel@saama.com,On,Basic
Eliane_Jacobi,Eliane_Jacobi,Eliane_Jacobi@saama.com,On,Basic
Kennedi.Lockman,Kennedi.Lockman,Kennedi.Lockman@saama.com,On,Basic
Marina_Upton72,Marina_Upton72,Marina_Upton72@saama.com,On,Basic
Araceli_Lockman96,Araceli_Lockman96,Araceli_Lockman96@saama.com,On,Basic
Kadin52,Kadin52,Kadin52@saama.com,On,Basic
Elaina5,Elaina5,Elaina5@saama.com,On,Basic
Allie18,Allie18,Allie18@saama.com,On,Basic
Camden.Murazik77,Camden.Murazik77,Camden.Murazik77@saama.com,On,Basic
Winston90,Winston90,Winston90@saama.com,On,Basic
Kariane.Pollich,Kariane.Pollich,Kariane.Pollich@saama.com,On,Basic
Greta_Green,Greta_Green,Greta_Green@saama.com,On,Basic
Gino_Schaden,Gino_Schaden,Gino_Schaden@saama.com,On,Basic
Ubaldo_Towne,Ubaldo_Towne,Ubaldo_Towne@saama.com,On,Basic
Hester.Johnson,Hester.Johnson,Hester.Johnson@saama.com,On,Basic
Zachariah_Terry55,Zachariah_Terry55,Zachariah_Terry55@saama.com,On,Basic
Al.Lesch,Al.Lesch,Al.Lesch@saama.com,On,Basic
Darrell35,Darrell35,Darrell35@saama.com,On,Basic
Jules_Borer39,Jules_Borer39,Jules_Borer39@saama.com,On,Basic
Magdalen59,Magdalen59,Magdalen59@saama.com,On,Basic
Aniya41,Aniya41,Aniya41@saama.com,On,Basic
Talia_Emard,Talia_Emard,Talia_Emard@saama.com,On,Basic
Sonya_McLaughlin,Sonya_McLaughlin,Sonya_McLaughlin@saama.com,On,Basic
Eileen_Jaskolski,Eileen_Jaskolski,Eileen_Jaskolski@saama.com,On,Basic
Shanelle18,Shanelle18,Shanelle18@saama.com,On,Basic
Cary44,Cary44,Cary44@saama.com,On,Basic
Casimir.Schuster65,Casimir.Schuster65,Casimir.Schuster65@saama.com,On,Basic
June_Macejkovic11,June_Macejkovic11,June_Macejkovic11@saama.com,On,Basic
Jadyn_McClure,Jadyn_McClure,Jadyn_McClure@saama.com,On,Basic
Citlalli_Schmitt,Citlalli_Schmitt,Citlalli_Schmitt@saama.com,On,Basic
Jordon31,Jordon31,Jordon31@saama.com,On,Basic
Buck_Simonis86,Buck_Simonis86,Buck_Simonis86@saama.com,On,Basic
Adriana.Hackett55,Adriana.Hackett55,Adriana.Hackett55@saama.com,On,Basic
Fernando_Yost59,Fernando_Yost59,Fernando_Yost59@saama.com,On,Basic
Salvatore.Gutmann,Salvatore.Gutmann,Salvatore.Gutmann@saama.com,On,Basic
Skyla_Mante10,Skyla_Mante10,Skyla_Mante10@saama.com,On,Basic
Abraham_Towne36,Abraham_Towne36,Abraham_Towne36@saama.com,On,Basic
Verlie.Heller26,Verlie.Heller26,Verlie.Heller26@saama.com,On,Basic
Anastacio41,Anastacio41,Anastacio41@saama.com,On,Basic
Dayana63,Dayana63,Dayana63@saama.com,On,Basic
Clemens.Huel,Clemens.Huel,Clemens.Huel@saama.com,On,Basic
Dashawn_Davis56,Dashawn_Davis56,Dashawn_Davis56@saama.com,On,Basic
Rhianna_Rutherford,Rhianna_Rutherford,Rhianna_Rutherford@saama.com,On,Basic
Clay.McClure,Clay.McClure,Clay.McClure@saama.com,On,Basic
Efrain59,Efrain59,Efrain59@saama.com,On,Basic
Shyanne_Gutmann67,Shyanne_Gutmann67,Shyanne_Gutmann67@saama.com,On,Basic
Camryn_Tromp66,Camryn_Tromp66,Camryn_Tromp66@saama.com,On,Basic
Keagan34,Keagan34,Keagan34@saama.com,On,Basic
Dena_Marks89,Dena_Marks89,Dena_Marks89@saama.com,On,Basic
Otho_Bruen,Otho_Bruen,Otho_Bruen@saama.com,On,Basic
Randall_Greenholt,Randall_Greenholt,Randall_Greenholt@saama.com,On,Basic
Elliott93,Elliott93,Elliott93@saama.com,On,Basic
Virgil52,Virgil52,Virgil52@saama.com,On,Basic
Lavada.Jakubowski,Lavada.Jakubowski,Lavada.Jakubowski@saama.com,On,Basic
Joshuah_Tromp,Joshuah_Tromp,Joshuah_Tromp@saama.com,On,Basic
Saige.Maggio43,Saige.Maggio43,Saige.Maggio43@saama.com,On,Basic
Ramon_Kertzmann65,Ramon_Kertzmann65,Ramon_Kertzmann65@saama.com,On,Basic
Aglae74,Aglae74,Aglae74@saama.com,On,Basic
Jazmin10,Jazmin10,Jazmin10@saama.com,On,Basic
Mariane27,Mariane27,Mariane27@saama.com,On,Basic
Deja.Sawayn21,Deja.Sawayn21,Deja.Sawayn21@saama.com,On,Basic
Sheila.Schimmel,Sheila.Schimmel,Sheila.Schimmel@saama.com,On,Basic
Wilson97,Wilson97,Wilson97@saama.com,On,Basic
Morton_Weissnat,Morton_Weissnat,Morton_Weissnat@saama.com,On,Basic
Cordie.Schinner4,Cordie.Schinner4,Cordie.Schinner4@saama.com,On,Basic
Zoie16,Zoie16,Zoie16@saama.com,On,Basic
Fabian37,Fabian37,Fabian37@saama.com,On,Basic
Allan_Waters69,Allan_Waters69,Allan_Waters69@saama.com,On,Basic
Fred_Schimmel9,Fred_Schimmel9,Fred_Schimmel9@saama.com,On,Basic
Nayeli_Aufderhar59,Nayeli_Aufderhar59,Nayeli_Aufderhar59@saama.com,On,Basic
Addie45,Addie45,Addie45@saama.com,On,Basic
Golden69,Golden69,Golden69@saama.com,On,Basic
Lydia70,Lydia70,Lydia70@saama.com,On,Basic
Kelly65,Kelly65,Kelly65@saama.com,On,Basic
Mike.Bins,Mike.Bins,Mike.Bins@saama.com,On,Basic
Mario.Stanton71,Mario.Stanton71,Mario.Stanton71@saama.com,On,Basic
Keanu36,Keanu36,Keanu36@saama.com,On,Basic
Paris_Lockman18,Paris_Lockman18,Paris_Lockman18@saama.com,On,Basic
Cecelia57,Cecelia57,Cecelia57@saama.com,On,Basic
Payton.Reichert,Payton.Reichert,Payton.Reichert@saama.com,On,Basic
Aurelia47,Aurelia47,Aurelia47@saama.com,On,Basic
Abraham_Moen,Abraham_Moen,Abraham_Moen@saama.com,On,Basic
Ottilie38,Ottilie38,Ottilie38@saama.com,On,Basic
Brycen_Koelpin,Brycen_Koelpin,Brycen_Koelpin@saama.com,On,Basic
Paxton98,Paxton98,Paxton98@saama.com,On,Basic
Caleb.Dickinson,Caleb.Dickinson,Caleb.Dickinson@saama.com,On,Basic
Deron_Bayer,Deron_Bayer,Deron_Bayer@saama.com,On,Basic
Darrin76,Darrin76,Darrin76@saama.com,On,Basic
Gia_Hilpert,Gia_Hilpert,Gia_Hilpert@saama.com,On,Basic
Mikel40,Mikel40,Mikel40@saama.com,On,Basic
Mazie_Hoeger,Mazie_Hoeger,Mazie_Hoeger@saama.com,On,Basic
Kay.Paucek,Kay.Paucek,Kay.Paucek@saama.com,On,Basic
Marjory_Schroeder17,Marjory_Schroeder17,Marjory_Schroeder17@saama.com,On,Basic
Lelah82,Lelah82,Lelah82@saama.com,On,Basic
Celestine62,Celestine62,Celestine62@saama.com,On,Basic
Milan_Schuster64,Milan_Schuster64,Milan_Schuster64@saama.com,On,Basic
Colby_Kuvalis,Colby_Kuvalis,Colby_Kuvalis@saama.com,On,Basic
Peyton_Quigley,Peyton_Quigley,Peyton_Quigley@saama.com,On,Basic
Lizzie_Prosacco3,Lizzie_Prosacco3,Lizzie_Prosacco3@saama.com,On,Basic
Guido_Greenholt-Zulauf,Guido_Greenholt-Zulauf,Guido_Greenholt-Zulauf@saama.com,On,Basic
Delia10,Delia10,Delia10@saama.com,On,Basic
Margie.Waelchi63,Margie.Waelchi63,Margie.Waelchi63@saama.com,On,Basic
Lewis32,Lewis32,Lewis32@saama.com,On,Basic
Jarrell_Davis,Jarrell_Davis,Jarrell_Davis@saama.com,On,Basic
Jaylen.Collier,Jaylen.Collier,Jaylen.Collier@saama.com,On,Basic
Delaney72,Delaney72,Delaney72@saama.com,On,Basic
Keagan_Predovic,Keagan_Predovic,Keagan_Predovic@saama.com,On,Basic
Scotty_Koss39,Scotty_Koss39,Scotty_Koss39@saama.com,On,Basic
Tristian.Pagac29,Tristian.Pagac29,Tristian.Pagac29@saama.com,On,Basic
Tomasa85,Tomasa85,Tomasa85@saama.com,On,Basic
Ryder.Graham14,Ryder.Graham14,Ryder.Graham14@saama.com,On,Basic
Modesta98,Modesta98,Modesta98@saama.com,On,Basic
Arlo.Pouros29,Arlo.Pouros29,Arlo.Pouros29@saama.com,On,Basic
Beatrice84,Beatrice84,Beatrice84@saama.com,On,Basic
Lia.Rempel,Lia.Rempel,Lia.Rempel@saama.com,On,Basic
Kelvin.Homenick75,Kelvin.Homenick75,Kelvin.Homenick75@saama.com,On,Basic
Leland.Kiehn91,Leland.Kiehn91,Leland.Kiehn91@saama.com,On,Basic
Sedrick_Bogan77,Sedrick_Bogan77,Sedrick_Bogan77@saama.com,On,Basic
Shane_Gerhold-Christiansen,Shane_Gerhold-Christiansen,Shane_Gerhold-Christiansen@saama.com,On,Basic
Marlee30,Marlee30,Marlee30@saama.com,On,Basic
Eladio_Cormier,Eladio_Cormier,Eladio_Cormier@saama.com,On,Basic
Hazel_Gislason,Hazel_Gislason,Hazel_Gislason@saama.com,On,Basic
Tavares29,Tavares29,Tavares29@saama.com,On,Basic
Garth91,Garth91,Garth91@saama.com,On,Basic
Raphael20,Raphael20,Raphael20@saama.com,On,Basic
Tyler_Brekke20,Tyler_Brekke20,Tyler_Brekke20@saama.com,On,Basic
Tina_Ankunding61,Tina_Ankunding61,Tina_Ankunding61@saama.com,On,Basic
Jack_Nader98,Jack_Nader98,Jack_Nader98@saama.com,On,Basic
Tod13,Tod13,Tod13@saama.com,On,Basic
Joshua_Zemlak-Hills67,Joshua_Zemlak-Hills67,Joshua_Zemlak-Hills67@saama.com,On,Basic
Irwin_Orn,Irwin_Orn,Irwin_Orn@saama.com,On,Basic
Walter_Anderson,Walter_Anderson,Walter_Anderson@saama.com,On,Basic
Myra_Weimann71,Myra_Weimann71,Myra_Weimann71@saama.com,On,Basic
Sven.Rolfson,Sven.Rolfson,Sven.Rolfson@saama.com,On,Basic
Janis.Bartoletti,Janis.Bartoletti,Janis.Bartoletti@saama.com,On,Basic
Alessandra11,Alessandra11,Alessandra11@saama.com,On,Basic
Diego_Lesch,Diego_Lesch,Diego_Lesch@saama.com,On,Basic
Bailey_Wuckert,Bailey_Wuckert,Bailey_Wuckert@saama.com,On,Basic
Jerel_Gusikowski,Jerel_Gusikowski,Jerel_Gusikowski@saama.com,On,Basic
Maeve72,Maeve72,Maeve72@saama.com,On,Basic
Murphy_King,Murphy_King,Murphy_King@saama.com,On,Basic
Moses_Murray,Moses_Murray,Moses_Murray@saama.com,On,Basic
Giles28,Giles28,Giles28@saama.com,On,Basic
Sydney.Aufderhar-Williamson62,Sydney.Aufderhar-Williamson62,Sydney.Aufderhar-Williamson62@saama.com,On,Basic
Waylon_VonRueden44,Waylon_VonRueden44,Waylon_VonRueden44@saama.com,On,Basic
John39,John39,John39@saama.com,On,Basic